<?xml version='1.0' encoding='UTF-8'?>
<?artifactRepository version='1.1.0'?>
<repository name='Bundle pool' type='org.eclipse.equinox.p2.artifact.repository.simpleRepository' version='1'>
  <properties size='2'>
    <property name='p2.system' value='true'/>
    <property name='p2.timestamp' value='1438378838507'/>
  </properties>
  <mappings size='3'>
    <rule filter='(&amp; (classifier=osgi.bundle))' output='${repoUrl}/plugins/${id}_${version}.jar'/>
    <rule filter='(&amp; (classifier=binary))' output='${repoUrl}/binary/${id}_${version}'/>
    <rule filter='(&amp; (classifier=org.eclipse.update.feature))' output='${repoUrl}/features/${id}_${version}.jar'/>
  </mappings>
  <artifacts size='226'>
    <artifact classifier='osgi.bundle' id='org.eclipse.team.ui' version='3.6.201.v20130125-135424'>
      <properties size='1'>
        <property name='download.size' value='1445067'/>
      </properties>
    </artifact>
    <artifact classifier='osgi.bundle' id='org.eclipse.jdt.debug.ui' version='3.6.100.v20120530-1425'>
      <properties size='1'>
        <property name='download.size' value='1385258'/>
      </properties>
    </artifact>
    <artifact classifier='osgi.bundle' id='org.eclipse.equinox.app' version='1.3.100.v20120522-1841'>
      <properties size='1'>
        <property name='download.size' value='86390'/>
      </properties>
    </artifact>
    <artifact classifier='osgi.bundle' id='com.ibm.icu' version='4.4.2.v20110823'>
      <properties size='1'>
        <property name='download.size' value='6701200'/>
      </properties>
    </artifact>
    <artifact classifier='osgi.bundle' id='org.eclipse.equinox.util' version='1.0.400.v20120917-192807'>
      <properties size='1'>
        <property name='download.size' value='78026'/>
      </properties>
    </artifact>
    <artifact classifier='osgi.bundle' id='org.eclipse.emf.mwe.core' version='1.2.1.v201206110920'>
      <properties size='1'>
        <property name='download.size' value='186652'/>
      </properties>
    </artifact>
    <artifact classifier='osgi.bundle' id='org.eclipse.jetty.jmx' version='8.1.3.v20120522'>
      <properties size='1'>
        <property name='download.size' value='30635'/>
      </properties>
    </artifact>
    <artifact classifier='osgi.bundle' id='org.eclipse.equinox.frameworkadmin' version='2.0.100.v20120913-155515'>
      <properties size='1'>
        <property name='download.size' value='36187'/>
      </properties>
    </artifact>
    <artifact classifier='osgi.bundle' id='org.eclipse.jetty.servlets' version='8.1.3.v20120522'>
      <properties size='1'>
        <property name='download.size' value='86624'/>
      </properties>
    </artifact>
    <artifact classifier='osgi.bundle' id='org.slf4j.jcl' version='1.7.2.v20130115-1340'>
      <properties size='1'>
        <property name='download.size' value='24216'/>
      </properties>
    </artifact>
    <artifact classifier='osgi.bundle' id='org.eclipse.core.databinding.observable' version='1.4.1.v20120521-2329'>
      <properties size='1'>
        <property name='download.size' value='297401'/>
      </properties>
    </artifact>
    <artifact classifier='osgi.bundle' id='org.eclipse.xtend' version='1.1.0.v201108020519'>
      <properties size='1'>
        <property name='download.size' value='525667'/>
      </properties>
    </artifact>
    <artifact classifier='osgi.bundle' id='org.openhab.model.script' version='1.7.1'>
      <properties size='1'>
        <property name='download.size' value='243997'/>
      </properties>
    </artifact>
    <artifact classifier='osgi.bundle' id='org.eclipse.compare.core' version='3.5.200.v20120522-1148'>
      <properties size='1'>
        <property name='download.size' value='63243'/>
      </properties>
    </artifact>
    <artifact classifier='osgi.bundle' id='org.eclipse.ecf.filetransfer' version='5.0.0.v20120610-1946'>
      <properties size='1'>
        <property name='download.size' value='51713'/>
      </properties>
    </artifact>
    <artifact classifier='osgi.bundle' id='org.eclipse.e4.core.di.extensions' version='0.11.100.v20121024-182359'>
      <properties size='1'>
        <property name='download.size' value='23505'/>
      </properties>
    </artifact>
    <artifact classifier='osgi.bundle' id='javax.servlet' version='3.0.0.v201112011016'>
      <properties size='1'>
        <property name='download.size' value='201594'/>
      </properties>
    </artifact>
    <artifact classifier='osgi.bundle' id='org.eclipse.jetty.deploy' version='8.1.3.v20120522'>
      <properties size='1'>
        <property name='download.size' value='68684'/>
      </properties>
    </artifact>
    <artifact classifier='osgi.bundle' id='org.eclipse.xtext' version='2.3.0.v201206120633'>
      <properties size='1'>
        <property name='download.size' value='2131447'/>
      </properties>
    </artifact>
    <artifact classifier='osgi.bundle' id='org.openhab.core.persistence' version='1.7.1'>
      <properties size='1'>
        <property name='download.size' value='518165'/>
      </properties>
    </artifact>
    <artifact classifier='osgi.bundle' id='org.apache.felix.gogo.command' version='0.8.0.v201108120515'>
      <properties size='1'>
        <property name='download.size' value='57580'/>
      </properties>
    </artifact>
    <artifact classifier='osgi.bundle' id='org.apache.commons.httpclient' version='3.1.0.v201012070820'>
      <properties size='1'>
        <property name='download.size' value='321633'/>
      </properties>
    </artifact>
    <artifact classifier='osgi.bundle' id='org.openhab.core.scriptengine' version='1.7.1'>
      <properties size='1'>
        <property name='download.size' value='11034'/>
      </properties>
    </artifact>
    <artifact classifier='osgi.bundle' id='org.eclipse.swt' version='3.100.1.v4236b'>
      <properties size='1'>
        <property name='download.size' value='18539'/>
      </properties>
    </artifact>
    <artifact classifier='osgi.bundle' id='org.openhab.ui' version='1.7.1'>
      <properties size='1'>
        <property name='download.size' value='133733'/>
      </properties>
    </artifact>
    <artifact classifier='osgi.bundle' id='org.w3c.dom.smil' version='1.0.0.v200806040011'>
      <properties size='1'>
        <property name='download.size' value='15995'/>
      </properties>
    </artifact>
    <artifact classifier='org.eclipse.update.feature' id='org.openhab.runtime.feature' version='1.7.1'>
      <properties size='1'>
        <property name='download.size' value='5968'/>
      </properties>
      <repositoryProperties size='1'>
        <property name='artifact.folder' value='true'/>
      </repositoryProperties>
    </artifact>
    <artifact classifier='osgi.bundle' id='org.eclipse.ecf.identity' version='3.1.200.v20120610-1946'>
      <properties size='1'>
        <property name='download.size' value='54408'/>
      </properties>
    </artifact>
    <artifact classifier='osgi.bundle' id='org.eclipse.debug.core' version='3.7.100.v20120521-2012'>
      <properties size='1'>
        <property name='download.size' value='346425'/>
      </properties>
    </artifact>
    <artifact classifier='osgi.bundle' id='org.eclipse.e4.ui.bindings' version='0.10.3.v20130123-162658'>
      <properties size='1'>
        <property name='download.size' value='47645'/>
      </properties>
    </artifact>
    <artifact classifier='osgi.bundle' id='org.eclipse.e4.ui.services' version='0.10.3.v20130123-162658'>
      <properties size='1'>
        <property name='download.size' value='24829'/>
      </properties>
    </artifact>
    <artifact classifier='osgi.bundle' id='org.eclipse.ui.editors' version='3.8.0.v20120523-1540'>
      <properties size='1'>
        <property name='download.size' value='573589'/>
      </properties>
    </artifact>
    <artifact classifier='osgi.bundle' id='javax.transaction' version='1.1.1.v201105210645'>
      <properties size='1'>
        <property name='download.size' value='29098'/>
      </properties>
    </artifact>
    <artifact classifier='osgi.bundle' id='org.eclipse.xtext.smap' version='2.3.0.v201206120633'>
      <properties size='1'>
        <property name='download.size' value='15801'/>
      </properties>
    </artifact>
    <artifact classifier='osgi.bundle' id='org.eclipse.equinox.p2.repository' version='2.2.0.v20120524-1945'>
      <properties size='1'>
        <property name='download.size' value='131861'/>
      </properties>
    </artifact>
    <artifact classifier='osgi.bundle' id='org.eclipse.jface' version='3.8.102.v20130123-162658'>
      <properties size='1'>
        <property name='download.size' value='1092496'/>
      </properties>
    </artifact>
    <artifact classifier='osgi.bundle' id='org.openhab.core.library' version='1.7.1'>
      <properties size='1'>
        <property name='download.size' value='42783'/>
      </properties>
    </artifact>
    <artifact classifier='osgi.bundle' id='org.eclipse.core.filebuffers' version='3.5.200.v20120523-1310'>
      <properties size='1'>
        <property name='download.size' value='114686'/>
      </properties>
    </artifact>
    <artifact classifier='osgi.bundle' id='org.eclipse.compare' version='3.5.301.v20130125-135424'>
      <properties size='1'>
        <property name='download.size' value='738455'/>
      </properties>
    </artifact>
    <artifact classifier='osgi.bundle' id='org.eclipse.e4.ui.css.core' version='0.10.2.v20120912-132817'>
      <properties size='1'>
        <property name='download.size' value='199732'/>
      </properties>
    </artifact>
    <artifact classifier='osgi.bundle' id='org.sat4j.pb' version='2.3.0.v20110329'>
      <properties size='1'>
        <property name='download.size' value='140725'/>
      </properties>
    </artifact>
    <artifact classifier='osgi.bundle' id='org.apache.commons.io' version='2.0.1.v201105210651'>
      <properties size='1'>
        <property name='download.size' value='170843'/>
      </properties>
    </artifact>
    <artifact classifier='osgi.bundle' id='org.eclipse.core.commands' version='3.6.2.v20130123-162658'>
      <properties size='1'>
        <property name='download.size' value='108906'/>
      </properties>
    </artifact>
    <artifact classifier='osgi.bundle' id='org.apache.httpcomponents.httpcore' version='4.1.4.v201203221030'>
      <properties size='1'>
        <property name='download.size' value='208576'/>
      </properties>
    </artifact>
    <artifact classifier='org.eclipse.update.feature' id='org.eclipse.equinox.server.core' version='1.2.0.v20120522-1841-7K7VFO3F7RZHQ_IDVl8S2fpNd'>
      <properties size='1'>
        <property name='download.size' value='17935'/>
      </properties>
      <repositoryProperties size='1'>
        <property name='artifact.folder' value='true'/>
      </repositoryProperties>
    </artifact>
    <artifact classifier='osgi.bundle' id='org.eclipse.jface.databinding' version='1.6.0.v20120912-132807'>
      <properties size='1'>
        <property name='download.size' value='278376'/>
      </properties>
    </artifact>
    <artifact classifier='osgi.bundle' id='org.eclipse.emf.mwe2.launch' version='2.3.0.v201206120758'>
      <properties size='1'>
        <property name='download.size' value='27717'/>
      </properties>
    </artifact>
    <artifact classifier='osgi.bundle' id='org.eclipse.team.core' version='3.6.100.v20120524-0627'>
      <properties size='1'>
        <property name='download.size' value='398409'/>
      </properties>
    </artifact>
    <artifact classifier='osgi.bundle' id='org.eclipse.emf.ecore.xmi' version='2.8.1.v20130125-0546'>
      <properties size='1'>
        <property name='download.size' value='222823'/>
      </properties>
    </artifact>
    <artifact classifier='osgi.bundle' id='org.eclipse.xtend.typesystem.emf' version='1.0.1.v201108020519'>
      <properties size='1'>
        <property name='download.size' value='61904'/>
      </properties>
    </artifact>
    <artifact classifier='osgi.bundle' id='org.eclipse.ui.workbench' version='3.104.0.v20130204-164612'>
      <properties size='1'>
        <property name='download.size' value='3808742'/>
      </properties>
    </artifact>
    <artifact classifier='osgi.bundle' id='org.antlr.runtime' version='3.2.0.v201101311130'>
      <properties size='1'>
        <property name='download.size' value='214588'/>
      </properties>
    </artifact>
    <artifact classifier='osgi.bundle' id='org.eclipse.emf.codegen.ecore' version='2.8.2.v20130125-0826'>
      <properties size='1'>
        <property name='download.size' value='1014858'/>
      </properties>
    </artifact>
    <artifact classifier='osgi.bundle' id='org.eclipse.emf.codegen' version='2.8.0.v20130125-0826'>
      <properties size='1'>
        <property name='download.size' value='286958'/>
      </properties>
    </artifact>
    <artifact classifier='osgi.bundle' id='org.eclipse.core.filesystem' version='1.3.200.v20130115-145044'>
      <properties size='1'>
        <property name='download.size' value='57995'/>
      </properties>
    </artifact>
    <artifact classifier='osgi.bundle' id='org.openhab.io.monitor' version='1.7.1'>
      <properties size='1'>
        <property name='download.size' value='4563'/>
      </properties>
    </artifact>
    <artifact classifier='osgi.bundle' id='org.eclipse.ui.ide' version='3.8.2.v20121106-165923'>
      <properties size='1'>
        <property name='download.size' value='2361813'/>
      </properties>
    </artifact>
    <artifact classifier='osgi.bundle' id='org.eclipse.equinox.p2.core' version='2.2.0.v20120430-0525'>
      <properties size='1'>
        <property name='download.size' value='72597'/>
      </properties>
    </artifact>
    <artifact classifier='osgi.bundle' id='org.eclipse.e4.core.services' version='1.0.0.v20120521-2346'>
      <properties size='1'>
        <property name='download.size' value='32030'/>
      </properties>
    </artifact>
    <artifact classifier='osgi.bundle' id='org.eclipse.equinox.simpleconfigurator.manipulator' version='2.0.0.v20110808-1657'>
      <properties size='1'>
        <property name='download.size' value='24057'/>
      </properties>
    </artifact>
    <artifact classifier='osgi.bundle' id='org.eclipse.jetty.websocket' version='8.1.3.v20120522'>
      <properties size='1'>
        <property name='download.size' value='133966'/>
      </properties>
    </artifact>
    <artifact classifier='osgi.bundle' id='org.eclipse.e4.ui.workbench.swt' version='0.10.3.v20130124-133900'>
      <properties size='1'>
        <property name='download.size' value='170113'/>
      </properties>
    </artifact>
    <artifact classifier='osgi.bundle' id='org.openhab.model.rule' version='1.7.1'>
      <properties size='1'>
        <property name='download.size' value='294034'/>
      </properties>
    </artifact>
    <artifact classifier='osgi.bundle' id='org.openhab.core' version='1.7.1'>
      <properties size='1'>
        <property name='download.size' value='44538'/>
      </properties>
    </artifact>
    <artifact classifier='osgi.bundle' id='org.eclipse.equinox.security' version='1.1.100.v20120522-1841'>
      <properties size='1'>
        <property name='download.size' value='107463'/>
      </properties>
    </artifact>
    <artifact classifier='osgi.bundle' id='org.eclipse.jetty.osgi.boot.warurl' version='8.1.3.qualifier'>
      <properties size='1'>
        <property name='download.size' value='20389'/>
      </properties>
    </artifact>
    <artifact classifier='osgi.bundle' id='org.openhab.io.multimedia' version='1.7.1'>
      <properties size='1'>
        <property name='download.size' value='110428'/>
      </properties>
    </artifact>
    <artifact classifier='osgi.bundle' id='org.eclipse.jface.text' version='3.8.2.v20121126-164145'>
      <properties size='1'>
        <property name='download.size' value='992924'/>
      </properties>
    </artifact>
    <artifact classifier='osgi.bundle' id='org.eclipse.jetty.jndi' version='8.1.3.v20120522'>
      <properties size='1'>
        <property name='download.size' value='46432'/>
      </properties>
    </artifact>
    <artifact classifier='osgi.bundle' id='com.google.inject' version='3.0.0.v201203062045'>
      <properties size='1'>
        <property name='download.size' value='520602'/>
      </properties>
    </artifact>
    <artifact classifier='osgi.bundle' id='org.apache.commons.codec' version='1.3.0.v201101211617'>
      <properties size='1'>
        <property name='download.size' value='55011'/>
      </properties>
    </artifact>
    <artifact classifier='osgi.bundle' id='org.openhab.core.transform' version='1.7.1'>
      <properties size='1'>
        <property name='download.size' value='157209'/>
      </properties>
    </artifact>
    <artifact classifier='osgi.bundle' id='org.eclipse.e4.core.contexts' version='1.2.0.v20121221-192508'>
      <properties size='1'>
        <property name='download.size' value='48057'/>
      </properties>
    </artifact>
    <artifact classifier='osgi.bundle' id='org.eclipse.ecf.provider.filetransfer' version='3.2.0.v20120610-1946'>
      <properties size='1'>
        <property name='download.size' value='127603'/>
      </properties>
    </artifact>
    <artifact classifier='osgi.bundle' id='org.openhab.core.scheduler' version='1.7.1'>
      <properties size='1'>
        <property name='download.size' value='543901'/>
      </properties>
    </artifact>
    <artifact classifier='osgi.bundle' id='org.eclipse.ui.console' version='3.5.100.v20120521-2012'>
      <properties size='1'>
        <property name='download.size' value='161184'/>
      </properties>
    </artifact>
    <artifact classifier='osgi.bundle' id='org.eclipse.equinox.concurrent' version='1.0.300.v20120912-130548'>
      <properties size='1'>
        <property name='download.size' value='21135'/>
      </properties>
    </artifact>
    <artifact classifier='osgi.bundle' id='org.openhab.io.console' version='1.7.1'>
      <properties size='1'>
        <property name='download.size' value='11948'/>
      </properties>
    </artifact>
    <artifact classifier='osgi.bundle' id='org.openhab.io.transport.serial' version='1.7.1'>
      <properties size='1'>
        <property name='download.size' value='498170'/>
      </properties>
    </artifact>
    <artifact classifier='osgi.bundle' id='org.eclipse.equinox.launcher' version='1.3.0.v20120522-1813'>
      <properties size='1'>
        <property name='download.size' value='49282'/>
      </properties>
    </artifact>
    <artifact classifier='osgi.bundle' id='org.eclipse.equinox.p2.jarprocessor' version='1.0.200.v20110808-1657'>
      <properties size='1'>
        <property name='download.size' value='69414'/>
      </properties>
    </artifact>
    <artifact classifier='osgi.bundle' id='org.eclipse.equinox.p2.touchpoint.eclipse' version='2.1.100.v20120428-0117'>
      <properties size='1'>
        <property name='download.size' value='125382'/>
      </properties>
    </artifact>
    <artifact classifier='osgi.bundle' id='javax.annotation' version='1.1.0.v201209060031'>
      <properties size='1'>
        <property name='download.size' value='27664'/>
      </properties>
    </artifact>
    <artifact classifier='osgi.bundle' id='org.slf4j.log4j' version='1.7.2.v20130115-1340'>
      <properties size='1'>
        <property name='download.size' value='29754'/>
      </properties>
    </artifact>
    <artifact classifier='osgi.bundle' id='org.eclipse.emf.mwe2.language' version='2.3.0.v201206120758'>
      <properties size='1'>
        <property name='download.size' value='208709'/>
      </properties>
    </artifact>
    <artifact classifier='osgi.bundle' id='org.openhab.config.core' version='1.7.1'>
      <properties size='1'>
        <property name='download.size' value='10755'/>
      </properties>
    </artifact>
    <artifact classifier='osgi.bundle' id='ch.qos.logback.classic' version='1.0.7.v20121108-1250'>
      <properties size='1'>
        <property name='download.size' value='262122'/>
      </properties>
    </artifact>
    <artifact classifier='osgi.bundle' id='org.eclipse.jetty.client' version='8.1.3.v20120522'>
      <properties size='1'>
        <property name='download.size' value='95394'/>
      </properties>
    </artifact>
    <artifact classifier='osgi.bundle' id='org.eclipse.jetty.rewrite' version='8.1.3.v20120522'>
      <properties size='1'>
        <property name='download.size' value='38672'/>
      </properties>
    </artifact>
    <artifact classifier='osgi.bundle' id='org.eclipse.e4.ui.workbench.renderers.swt' version='0.10.3.v20130124-170312'>
      <properties size='1'>
        <property name='download.size' value='328372'/>
      </properties>
    </artifact>
    <artifact classifier='osgi.bundle' id='org.openhab.io.servicediscovery' version='1.7.1'>
      <properties size='1'>
        <property name='download.size' value='198786'/>
      </properties>
    </artifact>
    <artifact classifier='osgi.bundle' id='org.eclipse.emf.mwe.utils' version='1.2.1.v201206110920'>
      <properties size='1'>
        <property name='download.size' value='32247'/>
      </properties>
    </artifact>
    <artifact classifier='osgi.bundle' id='org.eclipse.e4.ui.workbench3' version='0.12.0.v20120521-2329'>
      <properties size='1'>
        <property name='download.size' value='10070'/>
      </properties>
    </artifact>
    <artifact classifier='osgi.bundle' id='com.google.guava' version='10.0.1.v201203051515'>
      <properties size='1'>
        <property name='download.size' value='1593132'/>
      </properties>
    </artifact>
    <artifact classifier='osgi.bundle' id='org.eclipse.equinox.p2.engine' version='2.2.0.v20130121-021919'>
      <properties size='1'>
        <property name='download.size' value='197480'/>
      </properties>
    </artifact>
    <artifact classifier='osgi.bundle' id='org.eclipse.osgi' version='3.8.2.v20130124-134944'>
      <properties size='1'>
        <property name='download.size' value='1397587'/>
      </properties>
    </artifact>
    <artifact classifier='osgi.bundle' id='org.eclipse.text' version='3.5.200.v20120523-1310'>
      <properties size='1'>
        <property name='download.size' value='249363'/>
      </properties>
    </artifact>
    <artifact classifier='osgi.bundle' id='org.eclipse.emf.ecore' version='2.8.3.v20130125-0546'>
      <properties size='1'>
        <property name='download.size' value='1139504'/>
      </properties>
    </artifact>
    <artifact classifier='osgi.bundle' id='org.eclipse.e4.ui.css.swt' version='0.10.3.v20130123-162658'>
      <properties size='1'>
        <property name='download.size' value='151122'/>
      </properties>
    </artifact>
    <artifact classifier='osgi.bundle' id='org.eclipse.core.runtime' version='3.8.0.v20120912-155025'>
      <properties size='1'>
        <property name='download.size' value='75324'/>
      </properties>
    </artifact>
    <artifact classifier='osgi.bundle' id='org.slf4j.api' version='1.7.2.v20121108-1250'>
      <properties size='1'>
        <property name='download.size' value='35173'/>
      </properties>
    </artifact>
    <artifact classifier='osgi.bundle' id='org.eclipse.search' version='3.8.0.v20120523-1540'>
      <properties size='1'>
        <property name='download.size' value='470071'/>
      </properties>
    </artifact>
    <artifact classifier='osgi.bundle' id='org.eclipse.equinox.p2.garbagecollector' version='1.0.200.v20110808-1657'>
      <properties size='1'>
        <property name='download.size' value='26238'/>
      </properties>
    </artifact>
    <artifact classifier='osgi.bundle' id='org.eclipse.xpand' version='1.1.0.v201108020519'>
      <properties size='1'>
        <property name='download.size' value='238312'/>
      </properties>
    </artifact>
    <artifact classifier='osgi.bundle' id='org.eclipse.xtext.xbase.lib' version='2.3.0.v201206120633'>
      <properties size='1'>
        <property name='download.size' value='97572'/>
      </properties>
    </artifact>
    <artifact classifier='osgi.bundle' id='org.eclipse.equinox.http.servlet' version='1.1.300.v20120522-1841'>
      <properties size='1'>
        <property name='download.size' value='45070'/>
      </properties>
    </artifact>
    <artifact classifier='osgi.bundle' id='org.eclipse.core.databinding' version='1.4.1.v20120912-132807'>
      <properties size='1'>
        <property name='download.size' value='202256'/>
      </properties>
    </artifact>
    <artifact classifier='osgi.bundle' id='org.eclipse.jdt.ui' version='3.8.2.v20130107-165834'>
      <properties size='1'>
        <property name='download.size' value='10337580'/>
      </properties>
    </artifact>
    <artifact classifier='osgi.bundle' id='org.eclipse.emf.mwe2.runtime' version='2.3.0.v201206110920'>
      <properties size='1'>
        <property name='download.size' value='13259'/>
      </properties>
    </artifact>
    <artifact classifier='osgi.bundle' id='org.eclipse.equinox.p2.touchpoint.natives' version='1.1.0.v20130121-021919'>
      <properties size='1'>
        <property name='download.size' value='52974'/>
      </properties>
    </artifact>
    <artifact classifier='osgi.bundle' id='org.eclipse.xtext.xbase' version='2.3.0.v201206120633'>
      <properties size='1'>
        <property name='download.size' value='1381866'/>
      </properties>
    </artifact>
    <artifact classifier='osgi.bundle' id='org.apache.felix.fileinstall' version='3.2.6'>
      <properties size='1'>
        <property name='download.size' value='98183'/>
      </properties>
    </artifact>
    <artifact classifier='osgi.bundle' id='org.eclipse.e4.ui.css.swt.theme' version='0.9.4.v20130123-162658'>
      <properties size='1'>
        <property name='download.size' value='25344'/>
      </properties>
    </artifact>
    <artifact classifier='osgi.bundle' id='org.eclipse.ecf.ssl' version='1.0.100.v20120610-1946'>
      <properties size='1'>
        <property name='download.size' value='12773'/>
      </properties>
    </artifact>
    <artifact classifier='osgi.bundle' id='org.apache.commons.exec' version='1.1.0.v201301240602'>
      <properties size='1'>
        <property name='download.size' value='62912'/>
      </properties>
    </artifact>
    <artifact classifier='osgi.bundle' id='org.eclipse.jetty.plus' version='8.1.3.v20120522'>
      <properties size='1'>
        <property name='download.size' value='92433'/>
      </properties>
    </artifact>
    <artifact classifier='osgi.bundle' id='org.eclipse.core.variables' version='3.2.600.v20120521-2012'>
      <properties size='1'>
        <property name='download.size' value='34354'/>
      </properties>
    </artifact>
    <artifact classifier='osgi.bundle' id='org.eclipse.jdt.annotation' version='1.0.1.v20130111-135246'>
      <properties size='1'>
        <property name='download.size' value='14723'/>
      </properties>
    </artifact>
    <artifact classifier='osgi.bundle' id='org.eclipse.ui' version='3.104.0.v20121024-145224'>
      <properties size='1'>
        <property name='download.size' value='154424'/>
      </properties>
    </artifact>
    <artifact classifier='osgi.bundle' id='org.eclipse.equinox.http.registry' version='1.1.200.v20120912-130548'>
      <properties size='1'>
        <property name='download.size' value='45229'/>
      </properties>
    </artifact>
    <artifact classifier='osgi.bundle' id='org.eclipse.ecf.provider.filetransfer.ssl' version='1.0.0.v20120610-1946'>
      <properties size='1'>
        <property name='download.size' value='9672'/>
      </properties>
    </artifact>
    <artifact classifier='osgi.bundle' id='org.eclipse.equinox.console' version='1.0.0.v20120522-1841'>
      <properties size='1'>
        <property name='download.size' value='111188'/>
      </properties>
    </artifact>
    <artifact classifier='osgi.bundle' id='org.w3c.css.sac' version='1.3.1.v200903091627'>
      <properties size='1'>
        <property name='download.size' value='32952'/>
      </properties>
    </artifact>
    <artifact classifier='osgi.bundle' id='org.eclipse.ecf' version='3.1.300.v20120610-1946'>
      <properties size='1'>
        <property name='download.size' value='94181'/>
      </properties>
    </artifact>
    <artifact classifier='osgi.bundle' id='org.eclipse.ui.views' version='3.6.100.v20120705-114010'>
      <properties size='1'>
        <property name='download.size' value='91388'/>
      </properties>
    </artifact>
    <artifact classifier='osgi.bundle' id='org.eclipse.xtext.util' version='2.3.0.v201206120633'>
      <properties size='1'>
        <property name='download.size' value='207895'/>
      </properties>
    </artifact>
    <artifact classifier='osgi.bundle' id='org.eclipse.ui.views.properties.tabbed' version='3.5.300.v20120912-132807'>
      <properties size='1'>
        <property name='download.size' value='105407'/>
      </properties>
    </artifact>
    <artifact classifier='osgi.bundle' id='org.apache.felix.gogo.runtime' version='0.10.0.v201209301036'>
      <properties size='1'>
        <property name='download.size' value='80249'/>
      </properties>
    </artifact>
    <artifact classifier='osgi.bundle' id='org.eclipse.jetty.continuation' version='8.1.3.v20120522'>
      <properties size='1'>
        <property name='download.size' value='27328'/>
      </properties>
    </artifact>
    <artifact classifier='osgi.bundle' id='org.apache.felix.gogo.shell' version='0.8.0.v201110170705'>
      <properties size='1'>
        <property name='download.size' value='60824'/>
      </properties>
    </artifact>
    <artifact classifier='osgi.bundle' id='ch.qos.logback.core' version='1.0.7.v20121108-1250'>
      <properties size='1'>
        <property name='download.size' value='389973'/>
      </properties>
    </artifact>
    <artifact classifier='osgi.bundle' id='org.openhab.model.sitemap' version='1.7.1'>
      <properties size='1'>
        <property name='download.size' value='1156310'/>
      </properties>
    </artifact>
    <artifact classifier='org.eclipse.update.feature' id='org.eclipse.equinox.server.p2' version='1.2.0.v20121207-192030-7z7_FfpFTy21Yw5Zoc_fljNHu'>
      <properties size='1'>
        <property name='download.size' value='18776'/>
      </properties>
      <repositoryProperties size='1'>
        <property name='artifact.folder' value='true'/>
      </repositoryProperties>
    </artifact>
    <artifact classifier='osgi.bundle' id='javax.xml.stream' version='1.0.1.v201004272200'>
      <properties size='1'>
        <property name='download.size' value='39695'/>
      </properties>
    </artifact>
    <artifact classifier='osgi.bundle' id='org.openhab.core.autoupdate' version='1.7.1'>
      <properties size='1'>
        <property name='download.size' value='9505'/>
      </properties>
    </artifact>
    <artifact classifier='osgi.bundle' id='org.eclipse.emf.common' version='2.8.0.v20130125-0546'>
      <properties size='1'>
        <property name='download.size' value='214222'/>
      </properties>
    </artifact>
    <artifact classifier='osgi.bundle' id='org.apache.ant' version='1.8.3.v201301120609'>
      <properties size='1'>
        <property name='download.size' value='2359356'/>
      </properties>
      <repositoryProperties size='1'>
        <property name='artifact.folder' value='true'/>
      </repositoryProperties>
    </artifact>
    <artifact classifier='osgi.bundle' id='org.eclipse.jetty.http' version='8.1.3.v20120522'>
      <properties size='1'>
        <property name='download.size' value='101528'/>
      </properties>
    </artifact>
    <artifact classifier='osgi.bundle' id='org.apache.commons.codec' version='1.4.0.v201209201156'>
      <properties size='1'>
        <property name='download.size' value='74542'/>
      </properties>
    </artifact>
    <artifact classifier='org.eclipse.update.feature' id='org.openhab.dependencies.feature' version='1.7.1'>
      <properties size='1'>
        <property name='download.size' value='6254'/>
      </properties>
      <repositoryProperties size='1'>
        <property name='artifact.folder' value='true'/>
      </repositoryProperties>
    </artifact>
    <artifact classifier='osgi.bundle' id='org.apache.commons.cli' version='1.2.0.v201105210650'>
      <properties size='1'>
        <property name='download.size' value='48336'/>
      </properties>
    </artifact>
    <artifact classifier='osgi.bundle' id='org.eclipse.ltk.core.refactoring' version='3.6.0.v20120523-1543'>
      <properties size='1'>
        <property name='download.size' value='325764'/>
      </properties>
    </artifact>
    <artifact classifier='osgi.bundle' id='org.eclipse.ecf.provider.filetransfer.httpclient.ssl' version='1.0.0.v20120610-1946'>
      <properties size='1'>
        <property name='download.size' value='17935'/>
      </properties>
    </artifact>
    <artifact classifier='osgi.bundle' id='org.eclipse.ecf.provider.filetransfer.httpclient' version='4.0.200.v20120610-1946'>
      <properties size='1'>
        <property name='download.size' value='74130'/>
      </properties>
    </artifact>
    <artifact classifier='osgi.bundle' id='org.eclipse.jdt.core.manipulation' version='1.5.0.v20120523-1543'>
      <properties size='1'>
        <property name='download.size' value='87746'/>
      </properties>
    </artifact>
    <artifact classifier='osgi.bundle' id='org.eclipse.equinox.p2.ql' version='2.0.100.v20110808-1657'>
      <properties size='1'>
        <property name='download.size' value='9256'/>
      </properties>
    </artifact>
    <artifact classifier='osgi.bundle' id='org.apache.commons.net' version='3.2.0.v201305141515'>
      <properties size='1'>
        <property name='download.size' value='294521'/>
      </properties>
    </artifact>
    <artifact classifier='osgi.bundle' id='com.ibm.icu.base' version='50.1.1.v201304230130'>
      <properties size='1'>
        <property name='download.size' value='181991'/>
      </properties>
    </artifact>
    <artifact classifier='osgi.bundle' id='org.eclipse.jetty.webapp' version='8.1.3.v20120522'>
      <properties size='1'>
        <property name='download.size' value='114527'/>
      </properties>
    </artifact>
    <artifact classifier='osgi.bundle' id='org.apache.commons.logging' version='1.0.4.v201101211617'>
      <properties size='1'>
        <property name='download.size' value='45405'/>
      </properties>
    </artifact>
    <artifact classifier='osgi.bundle' id='javax.inject' version='1.0.0.v20091030'>
      <properties size='1'>
        <property name='download.size' value='17605'/>
      </properties>
    </artifact>
    <artifact classifier='osgi.bundle' id='org.eclipse.core.resources' version='3.8.1.v20121114-124432'>
      <properties size='1'>
        <property name='download.size' value='810227'/>
      </properties>
    </artifact>
    <artifact classifier='osgi.bundle' id='org.eclipse.core.databinding.property' version='1.4.100.v20120523-1955'>
      <properties size='1'>
        <property name='download.size' value='169204'/>
      </properties>
    </artifact>
    <artifact classifier='osgi.bundle' id='org.eclipse.ui.navigator.resources' version='3.4.400.v20120705-114010'>
      <properties size='1'>
        <property name='download.size' value='120312'/>
      </properties>
    </artifact>
    <artifact classifier='osgi.bundle' id='org.openhab.io.rest.lib' version='1.7.1'>
      <properties size='1'>
        <property name='download.size' value='3242296'/>
      </properties>
    </artifact>
    <artifact classifier='osgi.bundle' id='org.apache.commons.lang' version='2.6.0.v201205030909'>
      <properties size='1'>
        <property name='download.size' value='299203'/>
      </properties>
    </artifact>
    <artifact classifier='osgi.bundle' id='org.eclipse.jetty.io' version='8.1.3.v20120522'>
      <properties size='1'>
        <property name='download.size' value='111094'/>
      </properties>
    </artifact>
    <artifact classifier='osgi.bundle' id='org.eclipse.jetty.security' version='8.1.3.v20120522'>
      <properties size='1'>
        <property name='download.size' value='95308'/>
      </properties>
    </artifact>
    <artifact classifier='osgi.bundle' id='org.eclipse.equinox.event' version='1.2.200.v20120522-2049'>
      <properties size='1'>
        <property name='download.size' value='33750'/>
      </properties>
    </artifact>
    <artifact classifier='osgi.bundle' id='org.slf4j.jul' version='1.7.2.v20121108-1250'>
      <properties size='1'>
        <property name='download.size' value='11724'/>
      </properties>
    </artifact>
    <artifact classifier='osgi.bundle' id='ch.qos.logback.slf4j' version='1.0.7.v20121108-1250'>
      <properties size='1'>
        <property name='download.size' value='11048'/>
      </properties>
    </artifact>
    <artifact classifier='osgi.bundle' id='org.openhab.io.rest' version='1.7.1'>
      <properties size='1'>
        <property name='download.size' value='63586'/>
      </properties>
    </artifact>
    <artifact classifier='org.eclipse.update.feature' id='org.eclipse.jetty.core' version='8.1.3.201206060641'>
      <properties size='1'>
        <property name='download.size' value='14437'/>
      </properties>
      <repositoryProperties size='1'>
        <property name='artifact.folder' value='true'/>
      </repositoryProperties>
    </artifact>
    <artifact classifier='osgi.bundle' id='org.eclipse.equinox.frameworkadmin.equinox' version='1.0.400.v20120913-155709'>
      <properties size='1'>
        <property name='download.size' value='62580'/>
      </properties>
    </artifact>
    <artifact classifier='osgi.bundle' id='org.eclipse.e4.ui.model.workbench' version='0.10.1.v20120523-1955'>
      <properties size='1'>
        <property name='download.size' value='354872'/>
      </properties>
    </artifact>
    <artifact classifier='osgi.bundle' id='org.openhab.ui.webapp' version='1.7.1'>
      <properties size='1'>
        <property name='download.size' value='256516'/>
      </properties>
    </artifact>
    <artifact classifier='osgi.bundle' id='org.eclipse.e4.ui.di' version='0.10.1.v20120523-1955'>
      <properties size='1'>
        <property name='download.size' value='14581'/>
      </properties>
    </artifact>
    <artifact classifier='osgi.bundle' id='org.apache.batik.util' version='1.6.0.v201011041432'>
      <properties size='1'>
        <property name='download.size' value='101159'/>
      </properties>
    </artifact>
    <artifact classifier='osgi.bundle' id='org.eclipse.ui.workbench.texteditor' version='3.8.0.v20120523-1310'>
      <properties size='1'>
        <property name='download.size' value='584027'/>
      </properties>
    </artifact>
    <artifact classifier='osgi.bundle' id='org.eclipse.e4.core.commands' version='0.10.1.v20120523-1955'>
      <properties size='1'>
        <property name='download.size' value='18234'/>
      </properties>
    </artifact>
    <artifact classifier='osgi.bundle' id='org.w3c.dom.svg' version='1.1.0.v201011041433'>
      <properties size='1'>
        <property name='download.size' value='87897'/>
      </properties>
    </artifact>
    <artifact classifier='osgi.bundle' id='org.eclipse.equinox.p2.artifact.repository' version='1.1.200.v20120430-1959'>
      <properties size='1'>
        <property name='download.size' value='137108'/>
      </properties>
    </artifact>
    <artifact classifier='osgi.bundle' id='org.eclipse.equinox.p2.metadata' version='2.1.0.v20120430-2001'>
      <properties size='1'>
        <property name='download.size' value='340683'/>
      </properties>
    </artifact>
    <artifact classifier='osgi.bundle' id='org.eclipse.xtend.lib' version='2.3.1.v201208210947'>
      <properties size='1'>
        <property name='download.size' value='8594'/>
      </properties>
    </artifact>
    <artifact classifier='osgi.bundle' id='org.openhab.library.tel' version='1.7.1'>
      <properties size='1'>
        <property name='download.size' value='6426'/>
      </properties>
    </artifact>
    <artifact classifier='osgi.bundle' id='org.openhab.io.transport.mqtt' version='1.7.1'>
      <properties size='1'>
        <property name='download.size' value='150995'/>
      </properties>
    </artifact>
    <artifact classifier='osgi.bundle' id='org.eclipse.xtext.generator' version='2.3.0.v201206120633'>
      <properties size='1'>
        <property name='download.size' value='849223'/>
      </properties>
    </artifact>
    <artifact classifier='osgi.bundle' id='org.eclipse.equinox.common' version='3.6.100.v20120522-1841'>
      <properties size='1'>
        <property name='download.size' value='106765'/>
      </properties>
    </artifact>
    <artifact classifier='osgi.bundle' id='org.eclipse.ltk.ui.refactoring' version='3.7.0.v20120523-1543'>
      <properties size='1'>
        <property name='download.size' value='458248'/>
      </properties>
    </artifact>
    <artifact classifier='osgi.bundle' id='org.eclipse.e4.ui.workbench' version='0.11.0.v20130125-100758'>
      <properties size='1'>
        <property name='download.size' value='236292'/>
      </properties>
    </artifact>
    <artifact classifier='osgi.bundle' id='org.eclipse.equinox.ds' version='1.4.1.v20120926-201320'>
      <properties size='1'>
        <property name='download.size' value='194017'/>
      </properties>
    </artifact>
    <artifact classifier='osgi.bundle' id='org.eclipse.jetty.xml' version='8.1.3.v20120522'>
      <properties size='1'>
        <property name='download.size' value='44137'/>
      </properties>
    </artifact>
    <artifact classifier='osgi.bundle' id='org.sat4j.core' version='2.3.0.v20110329'>
      <properties size='1'>
        <property name='download.size' value='210700'/>
      </properties>
    </artifact>
    <artifact classifier='osgi.bundle' id='javax.mail' version='1.4.0.v201005080615'>
      <properties size='1'>
        <property name='download.size' value='320960'/>
      </properties>
    </artifact>
    <artifact classifier='osgi.bundle' id='org.eclipse.jdt.core' version='3.8.3.v20130121-145325'>
      <properties size='1'>
        <property name='download.size' value='4815459'/>
      </properties>
    </artifact>
    <artifact classifier='osgi.bundle' id='org.eclipse.osgi.services' version='3.3.100.v20120522-1822'>
      <properties size='1'>
        <property name='download.size' value='83084'/>
      </properties>
    </artifact>
    <artifact classifier='osgi.bundle' id='org.eclipse.jdt.debug' version='3.7.101.v20120913-153601'>
      <properties size='1'>
        <property name='download.size' value='850289'/>
      </properties>
      <repositoryProperties size='1'>
        <property name='artifact.folder' value='true'/>
      </repositoryProperties>
    </artifact>
    <artifact classifier='osgi.bundle' id='org.eclipse.equinox.p2.director' version='2.2.0.v20120524-0542'>
      <properties size='1'>
        <property name='download.size' value='96468'/>
      </properties>
    </artifact>
    <artifact classifier='osgi.bundle' id='org.eclipse.equinox.preferences' version='3.5.1.v20121031-182809'>
      <properties size='1'>
        <property name='download.size' value='126754'/>
      </properties>
    </artifact>
    <artifact classifier='osgi.bundle' id='org.eclipse.core.jobs' version='3.5.300.v20120912-155018'>
      <properties size='1'>
        <property name='download.size' value='92510'/>
      </properties>
    </artifact>
    <artifact classifier='osgi.bundle' id='javax.xml' version='1.3.4.v201005080400'>
      <properties size='1'>
        <property name='download.size' value='237996'/>
      </properties>
    </artifact>
    <artifact classifier='osgi.bundle' id='org.apache.httpcomponents.httpclient' version='4.1.3.v201209201135'>
      <properties size='1'>
        <property name='download.size' value='514499'/>
      </properties>
    </artifact>
    <artifact classifier='osgi.bundle' id='org.eclipse.core.contenttype' version='3.4.200.v20120523-2004'>
      <properties size='1'>
        <property name='download.size' value='93175'/>
      </properties>
    </artifact>
    <artifact classifier='osgi.bundle' id='org.eclipse.help' version='3.6.0.v20120912-134126'>
      <properties size='1'>
        <property name='download.size' value='258851'/>
      </properties>
    </artifact>
    <artifact classifier='osgi.bundle' id='org.apache.commons.collections' version='3.2.0.v2013030210310'>
      <properties size='1'>
        <property name='download.size' value='612532'/>
      </properties>
    </artifact>
    <artifact classifier='osgi.bundle' id='org.eclipse.equinox.p2.console' version='1.0.300.v20120429-0125'>
      <properties size='1'>
        <property name='download.size' value='28273'/>
      </properties>
    </artifact>
    <artifact classifier='osgi.bundle' id='org.eclipse.ui.forms' version='3.5.200.v20120705-114351'>
      <properties size='1'>
        <property name='download.size' value='302121'/>
      </properties>
    </artifact>
    <artifact classifier='osgi.bundle' id='org.eclipse.e4.ui.widgets' version='0.12.3.v20130123-162658'>
      <properties size='1'>
        <property name='download.size' value='14022'/>
      </properties>
    </artifact>
    <artifact classifier='osgi.bundle' id='org.eclipse.jetty.osgi.boot' version='8.1.3.v20120522'>
      <properties size='1'>
        <property name='download.size' value='104727'/>
      </properties>
    </artifact>
    <artifact classifier='osgi.bundle' id='org.eclipse.e4.ui.workbench.addons.swt' version='0.10.3.v20130124-185622'>
      <properties size='1'>
        <property name='download.size' value='132003'/>
      </properties>
    </artifact>
    <artifact classifier='osgi.bundle' id='org.apache.batik.util.gui' version='1.6.0.v201011041432'>
      <properties size='1'>
        <property name='download.size' value='164253'/>
      </properties>
    </artifact>
    <artifact classifier='osgi.bundle' id='org.openhab.io.net' version='1.7.1'>
      <properties size='1'>
        <property name='download.size' value='24805'/>
      </properties>
    </artifact>
    <artifact classifier='osgi.bundle' id='org.eclipse.equinox.p2.transport.ecf' version='1.0.100.v20120913-155635'>
      <properties size='1'>
        <property name='download.size' value='42017'/>
      </properties>
    </artifact>
    <artifact classifier='osgi.bundle' id='javax.xml.bind' version='2.2.0.v201105210648'>
      <properties size='1'>
        <property name='download.size' value='118144'/>
      </properties>
    </artifact>
    <artifact classifier='osgi.bundle' id='org.eclipse.jetty.util' version='8.1.3.v20120522'>
      <properties size='1'>
        <property name='download.size' value='282738'/>
      </properties>
    </artifact>
    <artifact classifier='osgi.bundle' id='org.eclipse.xtext.common.types' version='2.3.0.v201206120633'>
      <properties size='1'>
        <property name='download.size' value='410343'/>
      </properties>
    </artifact>
    <artifact classifier='osgi.bundle' id='org.apache.batik.css' version='1.6.0.v201011041432'>
      <properties size='1'>
        <property name='download.size' value='265409'/>
      </properties>
    </artifact>
    <artifact classifier='osgi.bundle' id='org.eclipse.e4.core.di' version='1.2.0.v20121024-173149'>
      <properties size='1'>
        <property name='download.size' value='51874'/>
      </properties>
    </artifact>
    <artifact classifier='osgi.bundle' id='javax.activation' version='1.1.0.v201211130549'>
      <properties size='1'>
        <property name='download.size' value='55674'/>
      </properties>
    </artifact>
    <artifact classifier='osgi.bundle' id='org.eclipse.jetty.servlet' version='8.1.3.v20120522'>
      <properties size='1'>
        <property name='download.size' value='102989'/>
      </properties>
    </artifact>
    <artifact classifier='osgi.bundle' id='org.openhab.model.persistence' version='1.7.1'>
      <properties size='1'>
        <property name='download.size' value='235191'/>
      </properties>
    </artifact>
    <artifact classifier='osgi.bundle' id='org.eclipse.xtext.ecore' version='2.3.0.v201206120633'>
      <properties size='1'>
        <property name='download.size' value='15458'/>
      </properties>
    </artifact>
    <artifact classifier='osgi.bundle' id='org.eclipse.debug.ui' version='3.8.2.v20130130-171415'>
      <properties size='1'>
        <property name='download.size' value='2614072'/>
      </properties>
    </artifact>
    <artifact classifier='osgi.bundle' id='org.eclipse.equinox.p2.metadata.repository' version='1.2.100.v20120524-1717'>
      <properties size='1'>
        <property name='download.size' value='118133'/>
      </properties>
    </artifact>
    <artifact classifier='osgi.bundle' id='org.eclipse.emf.mwe2.lib' version='2.3.0.v201206110920'>
      <properties size='1'>
        <property name='download.size' value='29830'/>
      </properties>
    </artifact>
    <artifact classifier='osgi.bundle' id='org.eclipse.equinox.cm' version='1.0.400.v20120522-1841'>
      <properties size='1'>
        <property name='download.size' value='63685'/>
      </properties>
    </artifact>
    <artifact classifier='osgi.bundle' id='org.eclipse.ui.navigator' version='3.5.200.v20120705-114103'>
      <properties size='1'>
        <property name='download.size' value='406144'/>
      </properties>
    </artifact>
    <artifact classifier='osgi.bundle' id='org.eclipse.equinox.registry' version='3.5.200.v20120522-1841'>
      <properties size='1'>
        <property name='download.size' value='184235'/>
      </properties>
    </artifact>
    <artifact classifier='osgi.bundle' id='org.eclipse.equinox.simpleconfigurator' version='1.0.301.v20120914-163612'>
      <properties size='1'>
        <property name='download.size' value='40706'/>
      </properties>
    </artifact>
    <artifact classifier='osgi.bundle' id='org.eclipse.jdt.launching' version='3.6.101.v20130111-183046'>
      <properties size='1'>
        <property name='download.size' value='316406'/>
      </properties>
    </artifact>
    <artifact classifier='osgi.bundle' id='org.openhab.model.core' version='1.7.1'>
      <properties size='1'>
        <property name='download.size' value='16880'/>
      </properties>
    </artifact>
    <artifact classifier='osgi.bundle' id='org.eclipse.jetty.server' version='8.1.3.v20120522'>
      <properties size='1'>
        <property name='download.size' value='344666'/>
      </properties>
    </artifact>
    <artifact classifier='osgi.bundle' id='org.eclipse.jetty.osgi.httpservice' version='8.1.3.qualifier'>
      <properties size='1'>
        <property name='download.size' value='12400'/>
      </properties>
    </artifact>
    <artifact classifier='osgi.bundle' id='org.openhab.model.item' version='1.7.1'>
      <properties size='1'>
        <property name='download.size' value='177348'/>
      </properties>
    </artifact>
    <artifact classifier='osgi.bundle' id='org.eclipse.core.expressions' version='3.4.401.v20120912-155018'>
      <properties size='1'>
        <property name='download.size' value='88231'/>
      </properties>
    </artifact>
    <artifact classifier='osgi.bundle' id='org.eclipse.emf.ecore.change' version='2.8.0.v20130125-0546'>
      <properties size='1'>
        <property name='download.size' value='83050'/>
      </properties>
    </artifact>
  </artifacts>
</repository>
